,date,irma_count,harvey_count,maria_count,irene_count,total_mentions,total_amount,irma_range,harvey_range,irene_range,maria_range,mentions_range
0,2011-06-01,0.0,0.0,0.0,0.0,0.0,0.0,low,low,low,low,low
1,2011-06-06,0.0,0.0,0.0,0.0,0.0,0.0,low,low,low,low,low
2,2011-06-07,0.0,0.0,0.0,0.0,0.0,0.0,low,low,low,low,low
3,2011-06-08,0.0,0.0,0.0,0.0,0.0,0.0,low,low,low,low,low
4,2011-06-09,0.0,0.0,0.0,0.0,0.0,0.0,low,low,low,low,low
5,2011-06-10,0.0,0.0,0.0,0.0,0.0,0.0,low,low,low,low,low
6,2011-06-11,0.0,0.0,0.0,0.0,0.0,0.0,low,low,low,low,low
7,2011-06-12,0.0,0.0,0.0,0.0,0.0,0.0,low,low,low,low,low
8,2011-06-13,0.0,0.0,0.0,0.0,0.0,0.0,low,low,low,low,low
9,2011-06-15,0.0,0.0,0.0,0.0,0.0,0.0,low,low,low,low,low
10,2011-06-18,0.0,0.0,0.0,0.0,0.0,0.0,low,low,low,low,low
11,2011-06-20,0.0,0.0,0.0,0.0,0.0,0.0,low,low,low,low,low
12,2011-06-21,0.0,0.0,0.0,0.0,0.0,0.0,low,low,low,low,low
13,2011-06-22,0.0,0.0,0.0,0.0,0.0,0.0,low,low,low,low,low
14,2011-06-24,0.0,0.0,0.0,0.0,0.0,0.0,low,low,low,low,low
15,2011-06-26,0.0,0.0,0.0,0.0,0.0,0.0,low,low,low,low,low
16,2011-06-28,0.0,0.0,0.0,0.0,0.0,0.0,low,low,low,low,low
17,2011-06-29,0.0,0.0,0.0,0.0,0.0,0.0,low,low,low,low,low
18,2011-07-01,0.0,0.0,0.0,0.0,0.0,0.0,low,low,low,low,low
19,2011-07-02,0.0,0.0,0.0,0.0,0.0,0.0,low,low,low,low,low
20,2011-07-03,0.0,0.0,0.0,0.0,0.0,0.0,low,low,low,low,low
21,2011-07-05,0.0,0.0,0.0,0.0,0.0,0.0,low,low,low,low,low
22,2011-07-07,0.0,0.0,0.0,0.0,0.0,0.0,low,low,low,low,low
23,2011-07-08,0.0,0.0,0.0,0.0,0.0,0.0,low,low,low,low,low
24,2011-07-09,0.0,0.0,0.0,0.0,0.0,0.0,low,low,low,low,low
25,2011-07-11,0.0,0.0,0.0,0.0,0.0,0.0,low,low,low,low,low
26,2011-07-12,0.0,0.0,0.0,0.0,0.0,0.0,low,low,low,low,low
27,2011-07-13,0.0,0.0,0.0,0.0,0.0,0.0,low,low,low,low,low
28,2011-07-14,0.0,0.0,0.0,0.0,0.0,0.0,low,low,low,low,low
29,2011-07-16,0.0,0.0,0.0,0.0,0.0,0.0,low,low,low,low,low
30,2011-07-19,0.0,0.0,0.0,0.0,0.0,0.0,low,low,low,low,low
31,2011-07-23,0.0,0.0,0.0,0.0,0.0,0.0,low,low,low,low,low
32,2011-07-25,0.0,0.0,0.0,0.0,0.0,0.0,low,low,low,low,low
33,2011-07-26,0.0,0.0,0.0,0.0,0.0,0.0,low,low,low,low,low
34,2011-07-27,0.0,0.0,0.0,0.0,0.0,0.0,low,low,low,low,low
35,2011-07-31,0.0,0.0,0.0,0.0,0.0,0.0,low,low,low,low,low
36,2011-08-01,0.0,0.0,0.0,0.0,0.0,0.0,low,low,low,low,low
37,2011-08-05,0.0,0.0,0.0,0.0,0.0,0.0,low,low,low,low,low
38,2011-08-10,0.0,0.0,0.0,0.0,0.0,0.0,low,low,low,low,low
39,2011-08-22,0.0,0.0,0.0,30.0,30.0,0.0,low,low,low,low,low
40,2011-08-23,0.0,0.0,0.0,28.0,28.0,0.0,low,low,low,low,low
41,2011-08-24,0.0,0.0,0.0,21.0,21.0,546000.0,low,low,low,low,low
42,2011-08-25,0.0,0.0,0.0,164.0,164.0,534453.97,low,low,medium,low,low
43,2011-08-26,0.0,0.0,0.0,431.0,431.0,2375676.64,low,low,high,low,low
44,2011-08-27,0.0,0.0,0.0,370.0,370.0,7443208.08,low,low,high,low,low
45,2011-08-28,0.0,0.0,0.0,469.0,469.0,382289.9,low,low,high,low,low
46,2011-08-29,0.0,0.0,2.0,441.0,443.0,267608.38,low,low,high,low,low
47,2011-08-30,0.0,0.0,0.0,43.0,43.0,2661861.08,low,low,low,low,low
48,2011-08-31,0.0,0.0,0.0,182.0,182.0,8415160.47,low,low,medium,low,low
49,2011-09-01,0.0,0.0,0.0,228.0,228.0,5874857.909999998,low,low,medium,low,low
50,2011-09-02,0.0,0.0,0.0,12.0,12.0,5273615.48,low,low,low,low,low
51,2011-09-03,0.0,0.0,0.0,31.0,31.0,636000.0,low,low,low,low,low
52,2011-09-04,0.0,0.0,0.0,6.0,6.0,75000.0,low,low,low,low,low
53,2011-09-05,0.0,0.0,0.0,1.0,1.0,513024.63,low,low,low,low,low
54,2011-09-06,0.0,0.0,0.0,34.0,34.0,1533180.95,low,low,low,low,low
55,2011-09-07,0.0,0.0,0.0,12.0,12.0,422806.38,low,low,low,low,low
56,2011-09-08,0.0,0.0,0.0,2.0,2.0,782422.3600000001,low,low,low,low,low
57,2011-09-09,0.0,0.0,0.0,1.0,1.0,4737698.85,low,low,low,low,low
58,2011-09-10,0.0,0.0,0.0,0.0,0.0,718443.8200000002,low,low,low,low,low
59,2011-09-11,0.0,0.0,0.0,0.0,0.0,8704.0,low,low,low,low,low
60,2011-09-12,0.0,0.0,0.0,0.0,0.0,2779085.25,low,low,low,low,low
61,2011-09-13,0.0,0.0,0.0,0.0,0.0,5047395.58,low,low,low,low,low
62,2011-09-14,0.0,0.0,0.0,81.0,81.0,119409.25,low,low,low,low,low
63,2011-09-15,0.0,0.0,0.0,17.0,17.0,3794822.07,low,low,low,low,low
64,2011-09-16,0.0,0.0,0.0,1.0,1.0,332770.97000000003,low,low,low,low,low
65,2011-09-17,0.0,0.0,0.0,0.0,0.0,189070.65,low,low,low,low,low
66,2011-09-18,0.0,0.0,0.0,2.0,2.0,724209.48,low,low,low,low,low
67,2011-09-19,0.0,0.0,0.0,0.0,0.0,259156.84,low,low,low,low,low
68,2011-09-20,0.0,0.0,0.0,1.0,1.0,570084.49,low,low,low,low,low
69,2011-09-21,0.0,0.0,0.0,0.0,0.0,1414385.02,low,low,low,low,low
70,2011-09-22,0.0,0.0,0.0,0.0,0.0,389395.57,low,low,low,low,low
71,2011-09-23,0.0,0.0,0.0,0.0,0.0,1867371.18,low,low,low,low,low
72,2011-09-24,0.0,0.0,0.0,0.0,0.0,126155.5,low,low,low,low,low
73,2011-09-25,0.0,0.0,0.0,1.0,1.0,4856521.15,low,low,low,low,low
74,2011-09-26,0.0,0.0,0.0,0.0,0.0,3440153.5699999994,low,low,low,low,low
75,2011-09-27,0.0,0.0,0.0,0.0,0.0,2502584.0,low,low,low,low,low
76,2011-09-28,0.0,0.0,0.0,0.0,0.0,2765244.49,low,low,low,low,low
77,2011-09-29,0.0,0.0,0.0,0.0,0.0,3301832.6099999994,low,low,low,low,low
78,2011-09-30,0.0,0.0,0.0,0.0,0.0,16084336.39,low,low,low,low,low
79,2011-10-01,0.0,0.0,0.0,0.0,0.0,0.0,low,low,low,low,low
80,2011-10-02,0.0,0.0,0.0,1.0,1.0,0.0,low,low,low,low,low
81,2011-10-03,0.0,0.0,0.0,0.0,0.0,3500.0,low,low,low,low,low
82,2011-10-04,0.0,0.0,0.0,0.0,0.0,90232.1,low,low,low,low,low
83,2011-10-05,0.0,0.0,0.0,0.0,0.0,315.0,low,low,low,low,low
84,2011-10-06,0.0,0.0,0.0,0.0,0.0,174238.39,low,low,low,low,low
85,2011-10-07,0.0,0.0,0.0,0.0,0.0,121889.63,low,low,low,low,low
86,2011-10-08,0.0,0.0,0.0,0.0,0.0,541512.0,low,low,low,low,low
87,2011-10-09,0.0,0.0,0.0,0.0,0.0,823302.65,low,low,low,low,low
88,2011-10-10,0.0,0.0,0.0,0.0,0.0,9500.0,low,low,low,low,low
89,2011-10-11,0.0,0.0,0.0,0.0,0.0,29362.88,low,low,low,low,low
90,2011-10-12,0.0,0.0,0.0,0.0,0.0,18400.0,low,low,low,low,low
91,2011-10-13,0.0,0.0,0.0,0.0,0.0,4981970.96,low,low,low,low,low
92,2011-10-14,0.0,0.0,0.0,0.0,0.0,216930.84,low,low,low,low,low
93,2011-10-15,0.0,0.0,0.0,0.0,0.0,42213.6,low,low,low,low,low
94,2011-10-16,0.0,0.0,0.0,0.0,0.0,953364.58,low,low,low,low,low
95,2011-10-17,0.0,0.0,0.0,0.0,0.0,32450.0,low,low,low,low,low
96,2011-10-18,0.0,0.0,0.0,0.0,0.0,188686.94,low,low,low,low,low
97,2011-10-19,0.0,0.0,0.0,0.0,0.0,-12000.0,low,low,low,low,low
98,2011-10-20,0.0,0.0,0.0,0.0,0.0,188730.4,low,low,low,low,low
99,2011-10-21,0.0,0.0,0.0,0.0,0.0,41292.0,low,low,low,low,low
100,2011-10-22,0.0,0.0,0.0,0.0,0.0,0.0,low,low,low,low,low
101,2011-10-24,0.0,0.0,0.0,0.0,0.0,0.0,low,low,low,low,low
102,2011-10-25,0.0,0.0,0.0,0.0,0.0,312315.16,low,low,low,low,low
103,2011-10-26,0.0,0.0,0.0,0.0,0.0,17685.0,low,low,low,low,low
104,2011-10-27,0.0,0.0,0.0,0.0,0.0,394470.31,low,low,low,low,low
105,2011-10-28,0.0,0.0,0.0,0.0,0.0,30321.1,low,low,low,low,low
106,2011-10-29,0.0,0.0,0.0,1.0,1.0,8030.76,low,low,low,low,low
107,2011-10-30,0.0,0.0,0.0,0.0,0.0,300.0,low,low,low,low,low
108,2011-10-31,0.0,0.0,0.0,0.0,0.0,144565.0,low,low,low,low,low
109,2011-11-01,0.0,0.0,0.0,0.0,0.0,98028.18,low,low,low,low,low
110,2011-11-02,0.0,0.0,0.0,0.0,0.0,140823.12,low,low,low,low,low
111,2011-11-03,0.0,0.0,0.0,0.0,0.0,66905.0,low,low,low,low,low
112,2011-11-04,0.0,0.0,0.0,0.0,0.0,659781.11,low,low,low,low,low
113,2011-11-05,0.0,0.0,0.0,0.0,0.0,0.0,low,low,low,low,low
114,2011-11-06,0.0,0.0,0.0,0.0,0.0,0.0,low,low,low,low,low
115,2011-11-07,0.0,0.0,0.0,0.0,0.0,8800.0,low,low,low,low,low
116,2011-11-08,0.0,0.0,0.0,0.0,0.0,142180.0,low,low,low,low,low
117,2011-11-09,0.0,0.0,0.0,0.0,0.0,451765.18,low,low,low,low,low
118,2011-11-10,0.0,0.0,0.0,0.0,0.0,1792590.76,low,low,low,low,low
119,2011-11-11,0.0,0.0,0.0,0.0,0.0,0.0,low,low,low,low,low
120,2011-11-12,0.0,0.0,0.0,0.0,0.0,17028.0,low,low,low,low,low
121,2011-11-13,0.0,0.0,0.0,0.0,0.0,31320.0,low,low,low,low,low
122,2011-11-14,0.0,0.0,0.0,0.0,0.0,166078.8,low,low,low,low,low
123,2011-11-15,0.0,0.0,0.0,0.0,0.0,17624.260000000002,low,low,low,low,low
124,2011-11-16,0.0,0.0,0.0,0.0,0.0,59806.0,low,low,low,low,low
125,2011-11-17,0.0,0.0,0.0,0.0,0.0,1396247.2,low,low,low,low,low
126,2011-11-18,0.0,0.0,0.0,0.0,0.0,2767506.97,low,low,low,low,low
127,2011-11-19,0.0,0.0,0.0,0.0,0.0,19800.0,low,low,low,low,low
128,2011-11-20,0.0,0.0,0.0,0.0,0.0,5704.0,low,low,low,low,low
129,2011-11-21,0.0,0.0,0.0,0.0,0.0,-21408.840000000004,low,low,low,low,low
130,2011-11-22,0.0,0.0,0.0,0.0,0.0,39494.21,low,low,low,low,low
131,2011-11-23,0.0,0.0,0.0,0.0,0.0,127551.62,low,low,low,low,low
132,2011-11-25,0.0,0.0,0.0,0.0,0.0,38414.5,low,low,low,low,low
133,2011-11-26,0.0,0.0,0.0,0.0,0.0,0.0,low,low,low,low,low
134,2011-11-28,0.0,0.0,0.0,0.0,0.0,1547.0,low,low,low,low,low
135,2011-11-29,0.0,0.0,0.0,0.0,0.0,49011.03,low,low,low,low,low
136,2011-11-30,0.0,0.0,0.0,0.0,0.0,87093.47,low,low,low,low,low
137,2011-12-01,0.0,0.0,0.0,0.0,0.0,64867.0,low,low,low,low,low
138,2011-12-02,0.0,0.0,0.0,0.0,0.0,104820.0,low,low,low,low,low
139,2011-12-03,0.0,0.0,0.0,0.0,0.0,0.0,low,low,low,low,low
140,2011-12-04,0.0,0.0,0.0,0.0,0.0,0.0,low,low,low,low,low
141,2011-12-05,0.0,0.0,0.0,0.0,0.0,269669.92000000004,low,low,low,low,low
142,2011-12-06,0.0,0.0,0.0,1.0,1.0,190229.12,low,low,low,low,low
143,2011-12-07,0.0,0.0,0.0,5.0,5.0,119059.5,low,low,low,low,low
144,2011-12-08,0.0,0.0,0.0,3.0,3.0,1133572.84,low,low,low,low,low
145,2011-12-09,0.0,0.0,0.0,0.0,0.0,283586.12,low,low,low,low,low
146,2011-12-10,0.0,0.0,0.0,0.0,0.0,57232.82000000001,low,low,low,low,low
147,2011-12-11,0.0,0.0,0.0,0.0,0.0,0.0,low,low,low,low,low
148,2011-12-12,0.0,0.0,0.0,1.0,1.0,69890.0,low,low,low,low,low
149,2011-12-13,0.0,0.0,0.0,2.0,2.0,309392.68,low,low,low,low,low
150,2011-12-14,0.0,0.0,0.0,0.0,0.0,9000.0,low,low,low,low,low
151,2011-12-15,0.0,0.0,0.0,0.0,0.0,62906.3,low,low,low,low,low
152,2011-12-16,0.0,0.0,0.0,0.0,0.0,373961.75,low,low,low,low,low
153,2011-12-17,0.0,0.0,0.0,0.0,0.0,-1325.05,low,low,low,low,low
154,2011-12-18,0.0,0.0,0.0,0.0,0.0,0.0,low,low,low,low,low
155,2011-12-19,0.0,0.0,0.0,0.0,0.0,27000.0,low,low,low,low,low
156,2011-12-20,0.0,0.0,0.0,0.0,0.0,101369.76,low,low,low,low,low
157,2011-12-21,0.0,0.0,0.0,0.0,0.0,64672.42,low,low,low,low,low
158,2011-12-22,0.0,0.0,0.0,0.0,0.0,2282285.84,low,low,low,low,low
159,2011-12-23,0.0,0.0,0.0,0.0,0.0,81952.0,low,low,low,low,low
160,2011-12-24,0.0,0.0,0.0,15.0,15.0,0.0,low,low,low,low,low
161,2011-12-25,0.0,0.0,0.0,0.0,0.0,0.0,low,low,low,low,low
162,2011-12-27,0.0,0.0,0.0,0.0,0.0,6947.01,low,low,low,low,low
163,2011-12-28,0.0,0.0,0.0,0.0,0.0,22544.93,low,low,low,low,low
164,2011-12-29,0.0,0.0,0.0,1.0,1.0,12320.0,low,low,low,low,low
165,2011-12-30,0.0,0.0,0.0,0.0,0.0,6000.0,low,low,low,low,low
166,2011-12-31,0.0,0.0,0.0,0.0,0.0,0.0,low,low,low,low,low
167,2012-01-03,0.0,0.0,0.0,0.0,0.0,21220.0,low,low,low,low,low
168,2012-01-04,0.0,0.0,0.0,0.0,0.0,64330.0,low,low,low,low,low
169,2012-01-05,0.0,0.0,0.0,0.0,0.0,13111.64,low,low,low,low,low
170,2012-01-06,0.0,0.0,0.0,0.0,0.0,1766.1,low,low,low,low,low
171,2012-01-08,0.0,0.0,0.0,2.0,2.0,0.0,low,low,low,low,low
172,2012-01-09,0.0,0.0,0.0,0.0,0.0,60000.0,low,low,low,low,low
173,2012-01-10,0.0,0.0,0.0,0.0,0.0,5192.0,low,low,low,low,low
174,2012-01-11,0.0,0.0,0.0,2.0,2.0,-6900.489999999998,low,low,low,low,low
175,2012-01-12,0.0,0.0,0.0,0.0,0.0,423853.69,low,low,low,low,low
176,2012-01-13,0.0,0.0,0.0,0.0,0.0,1043611.71,low,low,low,low,low
177,2012-01-17,0.0,0.0,0.0,0.0,0.0,81956.6,low,low,low,low,low
178,2012-01-18,0.0,0.0,0.0,0.0,0.0,23527.75,low,low,low,low,low
179,2012-01-19,0.0,0.0,0.0,0.0,0.0,16744.04,low,low,low,low,low
180,2012-01-20,0.0,0.0,0.0,0.0,0.0,129304.01,low,low,low,low,low
181,2012-01-23,0.0,0.0,0.0,0.0,0.0,1100542.65,low,low,low,low,low
182,2012-01-24,0.0,0.0,0.0,0.0,0.0,2956240.0,low,low,low,low,low
183,2012-01-25,0.0,0.0,0.0,0.0,0.0,16143.7,low,low,low,low,low
184,2012-01-26,0.0,0.0,0.0,0.0,0.0,-5441.98,low,low,low,low,low
185,2012-01-27,0.0,0.0,0.0,0.0,0.0,15282734.12,low,low,low,low,low
186,2012-01-30,0.0,0.0,0.0,0.0,0.0,-59155.21000000001,low,low,low,low,low
187,2012-01-31,0.0,0.0,0.0,0.0,0.0,335414.76,low,low,low,low,low
188,2012-02-01,0.0,0.0,0.0,0.0,0.0,89611.54000000002,low,low,low,low,low
189,2012-02-02,0.0,0.0,0.0,0.0,0.0,-38181.74,low,low,low,low,low
190,2012-02-03,0.0,0.0,0.0,0.0,0.0,241494.92,low,low,low,low,low
191,2012-02-04,0.0,0.0,0.0,0.0,0.0,17028.0,low,low,low,low,low
192,2012-02-06,0.0,0.0,0.0,0.0,0.0,16223.580000000016,low,low,low,low,low
193,2012-02-07,0.0,0.0,0.0,0.0,0.0,14832.0,low,low,low,low,low
194,2012-02-08,0.0,0.0,0.0,0.0,0.0,34952.0,low,low,low,low,low
195,2012-02-09,0.0,0.0,0.0,0.0,0.0,-9062.0,low,low,low,low,low
196,2012-02-10,0.0,0.0,0.0,0.0,0.0,100245.34,low,low,low,low,low
197,2012-02-13,0.0,0.0,0.0,0.0,0.0,34569.6,low,low,low,low,low
198,2012-02-14,0.0,0.0,0.0,0.0,0.0,-220105.63,low,low,low,low,low
199,2012-02-15,0.0,0.0,0.0,0.0,0.0,5837.56,low,low,low,low,low
200,2012-02-16,0.0,0.0,0.0,0.0,0.0,-73734.75,low,low,low,low,low
201,2012-02-17,0.0,0.0,0.0,0.0,0.0,1980.8,low,low,low,low,low
202,2012-02-21,0.0,0.0,0.0,0.0,0.0,27143.1,low,low,low,low,low
203,2012-02-22,0.0,0.0,0.0,0.0,0.0,12605.4,low,low,low,low,low
204,2012-02-23,0.0,0.0,0.0,0.0,0.0,32100.75,low,low,low,low,low
205,2012-02-24,0.0,0.0,0.0,0.0,0.0,732264.47,low,low,low,low,low
206,2012-02-27,0.0,0.0,0.0,0.0,0.0,30029.0,low,low,low,low,low
207,2012-02-28,0.0,0.0,0.0,15.0,15.0,6189779.739999998,low,low,low,low,low
208,2012-02-29,0.0,0.0,0.0,143.0,143.0,2596.0,low,low,low,low,low
209,2012-03-01,0.0,0.0,0.0,2.0,2.0,19049.66,low,low,low,low,low
210,2012-03-02,0.0,0.0,0.0,1.0,1.0,-80503.03,low,low,low,low,low
211,2012-03-06,0.0,0.0,0.0,0.0,0.0,-49284.0,low,low,low,low,low
212,2012-03-07,0.0,0.0,0.0,1.0,1.0,-43226.3,low,low,low,low,low
213,2012-03-08,0.0,0.0,0.0,0.0,0.0,-253929.86,low,low,low,low,low
214,2012-03-09,0.0,0.0,0.0,0.0,0.0,7694.31,low,low,low,low,low
215,2012-03-12,0.0,0.0,0.0,0.0,0.0,-42284.37,low,low,low,low,low
216,2012-03-14,0.0,0.0,0.0,0.0,0.0,-18249.52,low,low,low,low,low
217,2012-03-15,0.0,0.0,0.0,0.0,0.0,-54833.5,low,low,low,low,low
218,2012-03-16,0.0,0.0,0.0,0.0,0.0,37279.0,low,low,low,low,low
219,2012-03-20,0.0,0.0,0.0,0.0,0.0,151985.0,low,low,low,low,low
220,2012-03-21,0.0,0.0,0.0,0.0,0.0,655.4,low,low,low,low,low
221,2012-03-22,0.0,0.0,0.0,7.0,7.0,110661.0,low,low,low,low,low
222,2012-03-23,0.0,0.0,0.0,28.0,28.0,32525.0,low,low,low,low,low
223,2012-03-24,0.0,0.0,0.0,1.0,1.0,0.0,low,low,low,low,low
224,2012-03-26,0.0,0.0,0.0,0.0,0.0,5033.88,low,low,low,low,low
225,2012-03-27,0.0,0.0,0.0,0.0,0.0,4500.0,low,low,low,low,low
226,2012-03-28,0.0,0.0,0.0,0.0,0.0,500000.0,low,low,low,low,low
227,2012-03-29,0.0,0.0,0.0,0.0,0.0,7171491.19,low,low,low,low,low
228,2012-03-30,0.0,0.0,0.0,0.0,0.0,2102056.81,low,low,low,low,low
229,2012-03-31,0.0,0.0,0.0,0.0,0.0,21522.38,low,low,low,low,low
230,2012-04-03,0.0,0.0,0.0,0.0,0.0,-22131.92,low,low,low,low,low
231,2012-04-04,0.0,0.0,0.0,0.0,0.0,4050588.5,low,low,low,low,low
232,2012-04-06,0.0,0.0,0.0,0.0,0.0,12777.35,low,low,low,low,low
233,2012-04-09,0.0,0.0,0.0,0.0,0.0,12505.0,low,low,low,low,low
234,2012-04-10,0.0,0.0,0.0,0.0,0.0,42385.0,low,low,low,low,low
235,2012-04-11,0.0,0.0,0.0,0.0,0.0,3360.0,low,low,low,low,low
236,2012-04-12,0.0,0.0,0.0,0.0,0.0,65409.0,low,low,low,low,low
237,2012-04-13,0.0,0.0,0.0,0.0,0.0,50187.28,low,low,low,low,low
238,2012-04-16,0.0,0.0,0.0,0.0,0.0,-3680.8,low,low,low,low,low
239,2012-04-17,0.0,0.0,0.0,0.0,0.0,27039.99,low,low,low,low,low
240,2012-04-18,0.0,0.0,0.0,0.0,0.0,87552.40000000001,low,low,low,low,low
241,2012-04-19,0.0,0.0,0.0,0.0,0.0,508545.06,low,low,low,low,low
242,2012-04-20,0.0,0.0,0.0,0.0,0.0,175691.0,low,low,low,low,low
243,2012-04-23,0.0,0.0,0.0,0.0,0.0,-4050.0,low,low,low,low,low
244,2012-04-24,0.0,0.0,0.0,0.0,0.0,61246.34,low,low,low,low,low
245,2012-04-25,0.0,0.0,0.0,0.0,0.0,357533.96,low,low,low,low,low
246,2012-04-26,0.0,0.0,0.0,0.0,0.0,3157.5,low,low,low,low,low
247,2012-04-27,0.0,0.0,0.0,0.0,0.0,31334.0,low,low,low,low,low
248,2012-04-30,0.0,0.0,0.0,0.0,0.0,13318.5,low,low,low,low,low
249,2012-05-01,0.0,0.0,0.0,0.0,0.0,-80454.42000000001,low,low,low,low,low
250,2012-05-02,0.0,0.0,0.0,0.0,0.0,-2070251.84,low,low,low,low,low
251,2012-05-03,0.0,0.0,0.0,0.0,0.0,-51236.0,low,low,low,low,low
252,2012-05-07,0.0,0.0,0.0,0.0,0.0,70602.31,low,low,low,low,low
253,2012-05-08,0.0,0.0,0.0,0.0,0.0,-90622.69999999998,low,low,low,low,low
254,2012-05-09,0.0,0.0,0.0,0.0,0.0,148980.0,low,low,low,low,low
255,2012-05-10,0.0,0.0,0.0,0.0,0.0,2910710.0,low,low,low,low,low
256,2012-05-11,0.0,0.0,0.0,0.0,0.0,61475.38999999999,low,low,low,low,low
257,2012-05-14,0.0,0.0,0.0,0.0,0.0,-477565.05,low,low,low,low,low
258,2012-05-15,0.0,0.0,0.0,0.0,0.0,-24833.46,low,low,low,low,low
259,2012-05-16,0.0,0.0,0.0,0.0,0.0,-433904.17,low,low,low,low,low
260,2012-05-17,0.0,0.0,0.0,0.0,0.0,-357370.24,low,low,low,low,low
261,2012-05-18,0.0,0.0,0.0,0.0,0.0,-64271.92,low,low,low,low,low
262,2012-05-21,0.0,0.0,0.0,0.0,0.0,-53114.76,low,low,low,low,low
263,2012-05-22,0.0,0.0,0.0,0.0,0.0,39232.0,low,low,low,low,low
264,2012-05-23,0.0,0.0,0.0,0.0,0.0,11363.29,low,low,low,low,low
265,2012-05-24,0.0,0.0,0.0,0.0,0.0,1945067.68,low,low,low,low,low
266,2012-05-25,0.0,0.0,0.0,0.0,0.0,7425.0,low,low,low,low,low
267,2012-05-26,0.0,0.0,0.0,0.0,0.0,3000.0,low,low,low,low,low
268,2012-05-29,0.0,0.0,0.0,0.0,0.0,3153.0,low,low,low,low,low
269,2012-05-30,0.0,0.0,0.0,0.0,0.0,-635989.58,low,low,low,low,low
270,2012-05-31,0.0,0.0,0.0,0.0,0.0,-30032.61,low,low,low,low,low
271,2012-06-01,0.0,0.0,0.0,0.0,0.0,-525.0,low,low,low,low,low
272,2012-06-04,0.0,0.0,0.0,0.0,0.0,0.0,low,low,low,low,low
273,2012-06-05,0.0,0.0,0.0,0.0,0.0,-4826.49,low,low,low,low,low
274,2012-06-07,0.0,0.0,0.0,0.0,0.0,44287.21,low,low,low,low,low
275,2012-06-08,0.0,0.0,0.0,0.0,0.0,15900.0,low,low,low,low,low
276,2012-06-09,0.0,0.0,0.0,0.0,0.0,154115.59,low,low,low,low,low
277,2012-06-11,0.0,0.0,0.0,0.0,0.0,3496.01,low,low,low,low,low
278,2012-06-12,0.0,0.0,0.0,0.0,0.0,-158.99,low,low,low,low,low
279,2012-06-13,0.0,0.0,0.0,0.0,0.0,-513780.19,low,low,low,low,low
280,2012-06-14,0.0,0.0,0.0,0.0,0.0,206165.92,low,low,low,low,low
281,2012-06-15,0.0,0.0,0.0,0.0,0.0,101948.0,low,low,low,low,low
282,2012-06-19,0.0,0.0,0.0,0.0,0.0,101208.0,low,low,low,low,low
283,2012-06-20,0.0,0.0,0.0,0.0,0.0,3371.78,low,low,low,low,low
284,2012-06-21,0.0,0.0,0.0,0.0,0.0,-61349.46,low,low,low,low,low
285,2012-06-22,0.0,0.0,0.0,0.0,0.0,427985.32000000007,low,low,low,low,low
286,2012-06-26,0.0,0.0,0.0,0.0,0.0,-3629.55,low,low,low,low,low
287,2012-06-27,0.0,0.0,0.0,0.0,0.0,4580.5,low,low,low,low,low
288,2012-06-28,0.0,0.0,0.0,0.0,0.0,11354578.48,low,low,low,low,low
289,2012-06-29,0.0,0.0,0.0,0.0,0.0,-234978.51,low,low,low,low,low
290,2012-06-30,0.0,0.0,0.0,0.0,0.0,1609.68,low,low,low,low,low
291,2012-07-02,0.0,0.0,0.0,0.0,0.0,-3913.2,low,low,low,low,low
292,2012-07-05,0.0,0.0,0.0,0.0,0.0,246597.0,low,low,low,low,low
293,2012-07-06,0.0,0.0,0.0,0.0,0.0,-33832.16,low,low,low,low,low
294,2012-07-09,0.0,0.0,0.0,0.0,0.0,-29538.290000000005,low,low,low,low,low
295,2012-07-10,0.0,0.0,0.0,0.0,0.0,941051.24,low,low,low,low,low
296,2012-07-11,0.0,0.0,0.0,0.0,0.0,-30743.6,low,low,low,low,low
297,2012-07-12,0.0,0.0,0.0,0.0,0.0,101563.23,low,low,low,low,low
298,2012-07-13,0.0,0.0,0.0,0.0,0.0,73.68999999999869,low,low,low,low,low
299,2012-07-16,0.0,0.0,0.0,0.0,0.0,13057.57,low,low,low,low,low
300,2012-07-17,0.0,0.0,0.0,0.0,0.0,22115.4,low,low,low,low,low
301,2012-07-19,0.0,0.0,0.0,0.0,0.0,-999000.0,low,low,low,low,low
302,2012-07-20,0.0,0.0,0.0,0.0,0.0,109677.34,low,low,low,low,low
303,2012-07-23,0.0,0.0,0.0,0.0,0.0,1225.59,low,low,low,low,low
304,2012-07-24,0.0,0.0,0.0,0.0,0.0,1275456.0,low,low,low,low,low
305,2012-07-25,0.0,0.0,0.0,0.0,0.0,-405024.82,low,low,low,low,low
306,2012-07-27,0.0,0.0,0.0,0.0,0.0,-107841.58000000002,low,low,low,low,low
307,2012-07-30,0.0,0.0,0.0,0.0,0.0,2250.0,low,low,low,low,low
308,2012-07-31,0.0,0.0,0.0,0.0,0.0,44324.38000000001,low,low,low,low,low
309,2012-08-01,0.0,0.0,0.0,0.0,0.0,65000.0,low,low,low,low,low
310,2012-08-06,0.0,0.0,0.0,0.0,0.0,-16841.84,low,low,low,low,low
311,2012-08-07,0.0,0.0,0.0,0.0,0.0,-12790.68,low,low,low,low,low
312,2012-08-08,0.0,0.0,0.0,0.0,0.0,-11667.52,low,low,low,low,low
313,2012-08-09,0.0,0.0,0.0,0.0,0.0,14411.95,low,low,low,low,low
314,2012-08-10,0.0,0.0,0.0,0.0,0.0,-58245.54999999999,low,low,low,low,low
315,2012-08-13,0.0,0.0,0.0,0.0,0.0,-33768.78,low,low,low,low,low
316,2012-08-14,0.0,0.0,0.0,0.0,0.0,383808.46,low,low,low,low,low
317,2012-08-15,0.0,0.0,0.0,0.0,0.0,19618.3,low,low,low,low,low
318,2012-08-16,0.0,0.0,0.0,0.0,0.0,37065.84,low,low,low,low,low
319,2012-08-17,0.0,0.0,0.0,0.0,0.0,9751.52,low,low,low,low,low
320,2012-08-18,0.0,0.0,0.0,0.0,0.0,11002.24,low,low,low,low,low
321,2012-08-20,0.0,0.0,0.0,0.0,0.0,270035.98,low,low,low,low,low
322,2012-08-21,0.0,0.0,0.0,0.0,0.0,3442500.0,low,low,low,low,low
323,2012-08-22,0.0,0.0,0.0,0.0,0.0,17249.760000000002,low,low,low,low,low
324,2012-08-23,0.0,0.0,0.0,0.0,0.0,-845.0399999999997,low,low,low,low,low
325,2012-08-24,0.0,0.0,0.0,0.0,0.0,4617080.0,low,low,low,low,low
326,2012-08-26,0.0,0.0,0.0,0.0,0.0,1874.0,low,low,low,low,low
327,2012-08-27,0.0,0.0,0.0,3.0,3.0,321464.07,low,low,low,low,low
328,2012-08-28,0.0,0.0,0.0,7.0,7.0,-363683.12,low,low,low,low,low
329,2012-08-29,0.0,0.0,0.0,0.0,0.0,-5000.0,low,low,low,low,low
330,2012-08-30,0.0,0.0,0.0,0.0,0.0,33442.65,low,low,low,low,low
331,2012-08-31,0.0,0.0,0.0,0.0,0.0,-56504.71,low,low,low,low,low
332,2012-09-01,0.0,0.0,0.0,0.0,0.0,49547.9,low,low,low,low,low
333,2012-09-02,0.0,0.0,0.0,0.0,0.0,850.0,low,low,low,low,low
334,2012-09-04,0.0,0.0,0.0,0.0,0.0,-4315.0,low,low,low,low,low
335,2012-09-05,0.0,0.0,0.0,0.0,0.0,1017148.92,low,low,low,low,low
336,2012-09-06,0.0,0.0,0.0,0.0,0.0,13423.11,low,low,low,low,low
337,2012-09-07,0.0,0.0,0.0,0.0,0.0,-550220.0,low,low,low,low,low
338,2012-09-10,0.0,0.0,0.0,0.0,0.0,5280.0,low,low,low,low,low
339,2012-09-11,0.0,0.0,0.0,0.0,0.0,4601012.48,low,low,low,low,low
340,2012-09-13,0.0,0.0,0.0,0.0,0.0,13085.02,low,low,low,low,low
341,2012-09-14,0.0,0.0,0.0,0.0,0.0,104496.92,low,low,low,low,low
342,2012-09-17,0.0,0.0,0.0,0.0,0.0,3316041.5,low,low,low,low,low
343,2012-09-18,0.0,0.0,0.0,0.0,0.0,460829.94,low,low,low,low,low
344,2012-09-20,0.0,0.0,0.0,0.0,0.0,2129270.56,low,low,low,low,low
345,2012-09-21,0.0,0.0,0.0,0.0,0.0,-11661.259999999998,low,low,low,low,low
346,2012-09-24,0.0,0.0,0.0,0.0,0.0,29387.3,low,low,low,low,low
347,2012-09-25,0.0,0.0,0.0,0.0,0.0,18570.16,low,low,low,low,low
348,2012-09-26,0.0,0.0,0.0,0.0,0.0,389000.0,low,low,low,low,low
349,2012-09-28,0.0,0.0,0.0,0.0,0.0,1499.7,low,low,low,low,low
350,2012-09-29,0.0,0.0,0.0,0.0,0.0,308930.41,low,low,low,low,low
351,2012-10-01,0.0,0.0,0.0,0.0,0.0,33480.0,low,low,low,low,low
352,2012-10-03,0.0,0.0,0.0,0.0,0.0,88200.0,low,low,low,low,low
353,2012-10-04,0.0,0.0,0.0,0.0,0.0,3782298.01,low,low,low,low,low
354,2012-10-05,0.0,0.0,0.0,0.0,0.0,70000.0,low,low,low,low,low
355,2012-10-09,0.0,0.0,0.0,0.0,0.0,12000.0,low,low,low,low,low
356,2012-10-10,0.0,0.0,0.0,0.0,0.0,1000.0,low,low,low,low,low
357,2012-10-11,0.0,0.0,0.0,0.0,0.0,89075.44,low,low,low,low,low
358,2012-10-12,0.0,0.0,0.0,0.0,0.0,20320.0,low,low,low,low,low
359,2012-10-15,0.0,0.0,0.0,0.0,0.0,37400.0,low,low,low,low,low
360,2012-10-17,0.0,0.0,0.0,0.0,0.0,147147.6,low,low,low,low,low
361,2012-10-18,0.0,0.0,0.0,0.0,0.0,16748.16,low,low,low,low,low
362,2012-10-19,0.0,0.0,0.0,0.0,0.0,16209.06,low,low,low,low,low
363,2012-10-22,0.0,0.0,0.0,0.0,0.0,26400.0,low,low,low,low,low
364,2012-10-29,0.0,0.0,0.0,251.0,251.0,0.0,low,low,medium,low,low
365,2012-10-30,0.0,0.0,0.0,23.0,23.0,0.0,low,low,low,low,low
366,2012-11-01,0.0,0.0,0.0,1.0,1.0,0.0,low,low,low,low,low
367,2012-11-09,0.0,0.0,0.0,3.0,3.0,0.0,low,low,low,low,low
368,2012-11-10,0.0,0.0,0.0,3.0,3.0,0.0,low,low,low,low,low
369,2012-11-12,0.0,0.0,0.0,1.0,1.0,0.0,low,low,low,low,low
370,2015-04-11,0.0,0.0,0.0,1.0,1.0,0.0,low,low,low,low,low
371,2015-11-01,0.0,0.0,0.0,1.0,1.0,0.0,low,low,low,low,low
372,2016-07-25,0.0,0.0,0.0,2.0,2.0,0.0,low,low,low,low,low
373,2016-08-15,0.0,0.0,0.0,4.0,4.0,0.0,low,low,low,low,low
374,2016-08-25,0.0,0.0,0.0,1.0,1.0,0.0,low,low,low,low,low
375,2016-09-09,0.0,0.0,0.0,3.0,3.0,0.0,low,low,low,low,low
376,2016-09-10,0.0,0.0,0.0,3.0,3.0,0.0,low,low,low,low,low
377,2016-10-09,0.0,0.0,0.0,1.0,1.0,0.0,low,low,low,low,low
378,2017-04-24,0.0,0.0,0.0,1.0,1.0,0.0,low,low,low,low,low
379,2017-08-24,0.0,193.0,0.0,0.0,193.0,0.0,low,low,low,low,low
380,2017-08-25,0.0,502.0,0.0,0.0,502.0,805927.28,low,low,low,low,low
381,2017-08-26,0.0,322.0,0.0,0.0,322.0,0.0,low,low,low,low,low
382,2017-08-27,0.0,735.0,0.0,0.0,735.0,0.0,low,medium,low,low,low
383,2017-08-28,0.0,1666.0,0.0,0.0,1666.0,4531275.66,low,high,low,low,high
384,2017-08-29,0.0,356.0,0.0,0.0,356.0,7240469.3599999985,low,low,low,low,low
385,2017-08-30,0.0,370.0,0.0,0.0,370.0,9563578.35,low,low,low,low,low
386,2017-08-31,9.0,112.0,0.0,0.0,121.0,65534516.61,low,low,low,low,low
387,2017-09-01,33.0,235.0,0.0,0.0,268.0,43517627.23999997,low,low,low,low,low
388,2017-09-02,41.0,193.0,0.0,0.0,234.0,21075575.94,low,low,low,low,low
389,2017-09-03,61.0,42.0,0.0,0.0,103.0,1644910.47,low,low,low,low,low
390,2017-09-04,282.0,141.0,0.0,0.0,423.0,31322271.64,low,low,low,low,low
391,2017-09-05,944.0,135.0,0.0,2.0,1081.0,210095796.55,medium,low,low,low,high
392,2017-09-06,1245.0,110.0,0.0,5.0,1360.0,137784703.89,high,low,low,low,high
393,2017-09-07,1614.0,11.0,0.0,0.0,1625.0,50670452.02,high,low,low,low,high
394,2017-09-08,787.0,23.0,0.0,0.0,810.0,49196690.960000016,medium,low,low,low,low
395,2017-09-09,1199.0,6.0,0.0,1.0,1206.0,12882005.57,high,low,low,low,high
396,2017-09-10,1671.0,28.0,0.0,0.0,1699.0,16108024.46,high,low,low,low,high
397,2017-09-11,1307.0,118.0,0.0,0.0,1425.0,142964796.21,high,low,low,low,high
398,2017-09-12,237.0,1370.0,0.0,0.0,1607.0,36277285.71,low,high,low,low,high
399,2017-09-13,70.0,11.0,0.0,0.0,81.0,53239511.940000005,low,low,low,low,low
400,2017-09-14,13.0,0.0,0.0,0.0,13.0,38046383.07000001,low,low,low,low,low
401,2017-09-15,6.0,3.0,0.0,0.0,9.0,43216507.04,low,low,low,low,low
402,2017-09-16,103.0,1.0,0.0,0.0,104.0,2994457.4500000016,low,low,low,low,low
403,2017-09-17,2.0,2.0,0.0,0.0,4.0,29997279.66,low,low,low,low,low
404,2017-09-18,1.0,0.0,68.0,0.0,69.0,43019253.59,low,low,low,low,low
405,2017-09-19,0.0,0.0,371.0,0.0,371.0,19128739.25,low,low,low,low,low
406,2017-09-20,3.0,0.0,3.0,0.0,6.0,19614086.31,low,low,low,low,low
407,2017-09-21,0.0,0.0,0.0,0.0,0.0,18067604.169999998,low,low,low,low,low
408,2017-09-22,38.0,1.0,0.0,0.0,39.0,146057649.4,low,low,low,low,low
409,2017-09-23,1.0,0.0,0.0,0.0,1.0,3027812.2800000003,low,low,low,low,low
410,2017-09-24,2.0,0.0,0.0,0.0,2.0,8464895.470000003,low,low,low,low,low
411,2017-09-25,1.0,2.0,0.0,0.0,3.0,27816330.46,low,low,low,low,low
412,2017-09-26,11.0,10.0,0.0,0.0,21.0,36477277.19,low,low,low,low,low
413,2017-09-27,50.0,50.0,0.0,0.0,100.0,25155636.84,low,low,low,low,low
414,2017-09-28,0.0,0.0,0.0,0.0,0.0,240372650.46,low,low,low,low,low
415,2017-09-29,0.0,0.0,0.0,2.0,2.0,91591094.05,low,low,low,low,low
416,2017-09-30,1.0,0.0,0.0,0.0,1.0,185656702.8,low,low,low,low,low
417,2017-10-01,0.0,0.0,0.0,3.0,3.0,5014591.1499999985,low,low,low,low,low
418,2017-10-02,0.0,0.0,6.0,0.0,6.0,2718927.31,low,low,low,low,low
419,2017-10-03,0.0,0.0,3.0,0.0,3.0,171189069.77,low,low,low,low,low
420,2017-10-04,0.0,0.0,0.0,0.0,0.0,144962978.02,low,low,low,low,low
421,2017-10-05,0.0,0.0,70.0,0.0,70.0,47902133.32,low,low,low,low,low
422,2017-10-06,0.0,0.0,10.0,0.0,10.0,101460145.98,low,low,low,low,low
423,2017-10-07,0.0,1.0,0.0,0.0,1.0,1379065.44,low,low,low,low,low
424,2017-10-08,0.0,0.0,0.0,0.0,0.0,36281234.87,low,low,low,low,low
425,2017-10-09,0.0,0.0,0.0,0.0,0.0,4759907.29,low,low,low,low,low
426,2017-10-10,0.0,0.0,0.0,0.0,0.0,76561531.35,low,low,low,low,low
427,2017-10-11,0.0,0.0,0.0,0.0,0.0,79941967.54,low,low,low,low,low
428,2017-10-12,0.0,0.0,0.0,0.0,0.0,19647614.340000004,low,low,low,low,low
429,2017-10-13,0.0,0.0,0.0,0.0,0.0,108250054.40000002,low,low,low,low,low
430,2017-10-14,0.0,0.0,0.0,0.0,0.0,13832027.89,low,low,low,low,low
431,2017-10-15,1.0,0.0,0.0,0.0,1.0,5744150.38,low,low,low,low,low
432,2017-10-16,0.0,1.0,0.0,0.0,1.0,18222264.319999997,low,low,low,low,low
433,2017-10-17,0.0,0.0,0.0,0.0,0.0,267530711.20999998,low,low,low,low,low
434,2017-10-18,0.0,1.0,0.0,0.0,1.0,47634275.129999995,low,low,low,low,low
435,2017-10-19,0.0,0.0,0.0,0.0,0.0,72736925.36,low,low,low,low,low
436,2017-10-20,0.0,0.0,0.0,0.0,0.0,111325455.47,low,low,low,low,low
437,2017-10-21,0.0,0.0,0.0,0.0,0.0,64230075.650000006,low,low,low,low,low
438,2017-10-22,0.0,0.0,0.0,0.0,0.0,63694941.32,low,low,low,low,low
439,2017-10-23,0.0,0.0,0.0,0.0,0.0,36358083.269999996,low,low,low,low,low
440,2017-10-24,0.0,0.0,0.0,0.0,0.0,80132641.87,low,low,low,low,low
441,2017-10-25,0.0,0.0,1.0,0.0,1.0,41473193.83,low,low,low,low,low
442,2017-10-26,0.0,0.0,3.0,0.0,3.0,52089195.43,low,low,low,low,low
443,2017-10-27,0.0,1.0,0.0,0.0,1.0,32480266.410000004,low,low,low,low,low
444,2017-10-28,0.0,0.0,0.0,0.0,0.0,42186716.370000005,low,low,low,low,low
445,2017-10-29,0.0,0.0,0.0,0.0,0.0,38777153.37000001,low,low,low,low,low
446,2017-10-30,44.0,0.0,0.0,0.0,44.0,100942611.72,low,low,low,low,low
447,2017-10-31,33.0,0.0,0.0,0.0,33.0,8938521.44,low,low,low,low,low
448,2017-11-01,0.0,0.0,0.0,0.0,0.0,31174219.61,low,low,low,low,low
449,2017-11-02,0.0,34.0,0.0,0.0,34.0,6799500.85,low,low,low,low,low
450,2017-11-03,0.0,1.0,0.0,0.0,1.0,78944339.14,low,low,low,low,low
451,2017-11-04,0.0,0.0,0.0,0.0,0.0,2111312.45,low,low,low,low,low
452,2017-11-05,0.0,1.0,0.0,0.0,1.0,13217928.77,low,low,low,low,low
453,2017-11-06,0.0,1.0,0.0,0.0,1.0,-88956947.64,low,low,low,low,low
454,2017-11-07,0.0,3.0,0.0,0.0,3.0,116780841.08000001,low,low,low,low,low
455,2017-11-08,2.0,0.0,0.0,0.0,2.0,29244777.930000003,low,low,low,low,low
456,2017-11-09,0.0,0.0,0.0,0.0,0.0,13843148.59,low,low,low,low,low
457,2017-11-10,0.0,0.0,0.0,0.0,0.0,7267045.07,low,low,low,low,low
458,2017-11-11,1.0,0.0,0.0,0.0,1.0,401146.0,low,low,low,low,low
459,2017-11-12,0.0,0.0,0.0,0.0,0.0,634196.0,low,low,low,low,low
460,2017-11-13,1.0,1.0,0.0,0.0,2.0,48119652.57,low,low,low,low,low
461,2017-11-14,0.0,0.0,0.0,0.0,0.0,11738187.49,low,low,low,low,low
462,2017-11-15,0.0,0.0,0.0,0.0,0.0,2062216.5400000005,low,low,low,low,low
463,2017-11-16,0.0,0.0,0.0,0.0,0.0,54294069.78,low,low,low,low,low
464,2017-11-17,0.0,0.0,0.0,0.0,0.0,7065906.96,low,low,low,low,low
465,2017-11-18,0.0,0.0,0.0,0.0,0.0,2000000.0,low,low,low,low,low
466,2017-11-19,0.0,0.0,0.0,0.0,0.0,16920.0,low,low,low,low,low
467,2017-11-20,0.0,0.0,0.0,0.0,0.0,16349857.689999998,low,low,low,low,low
468,2017-11-21,0.0,0.0,0.0,0.0,0.0,45497300.58999999,low,low,low,low,low
469,2017-11-22,0.0,0.0,0.0,0.0,0.0,60198026.33,low,low,low,low,low
470,2017-11-23,0.0,0.0,0.0,0.0,0.0,130000.0,low,low,low,low,low
471,2017-11-24,0.0,0.0,0.0,0.0,0.0,23270102.75,low,low,low,low,low
472,2017-11-25,0.0,0.0,0.0,0.0,0.0,828937.3500000002,low,low,low,low,low
473,2017-11-26,0.0,0.0,0.0,0.0,0.0,1583560.4,low,low,low,low,low
474,2017-11-27,0.0,0.0,0.0,0.0,0.0,3593412.66,low,low,low,low,low
475,2017-11-28,0.0,0.0,0.0,0.0,0.0,13754409.66,low,low,low,low,low
476,2017-11-29,0.0,0.0,0.0,0.0,0.0,32186097.33,low,low,low,low,low
477,2017-11-30,0.0,0.0,0.0,0.0,0.0,27748142.44,low,low,low,low,low
478,2017-12-01,0.0,0.0,0.0,0.0,0.0,533804878.83,low,low,low,low,low
479,2017-12-02,0.0,0.0,0.0,0.0,0.0,1086146.45,low,low,low,low,low
480,2017-12-03,0.0,1.0,1.0,0.0,2.0,24700.0,low,low,low,low,low
481,2017-12-04,0.0,0.0,0.0,0.0,0.0,44263433.83,low,low,low,low,low
482,2017-12-05,0.0,0.0,0.0,0.0,0.0,262663018.53,low,low,low,low,low
483,2017-12-06,0.0,0.0,0.0,0.0,0.0,1109270.2500000002,low,low,low,low,low
484,2017-12-07,0.0,2.0,0.0,0.0,2.0,46359006.18,low,low,low,low,low
485,2017-12-08,0.0,0.0,0.0,0.0,0.0,48081730.47,low,low,low,low,low
486,2017-12-09,0.0,0.0,0.0,0.0,0.0,5482778.0,low,low,low,low,low
487,2017-12-11,0.0,0.0,0.0,0.0,0.0,29942598.810000002,low,low,low,low,low
488,2017-12-12,0.0,0.0,0.0,0.0,0.0,18532509.23,low,low,low,low,low
489,2017-12-13,0.0,0.0,0.0,0.0,0.0,36463160.410000004,low,low,low,low,low
490,2017-12-14,0.0,5.0,0.0,0.0,5.0,14397750.709999999,low,low,low,low,low
491,2017-12-15,0.0,0.0,0.0,0.0,0.0,178316177.67000002,low,low,low,low,low
492,2017-12-16,0.0,0.0,0.0,0.0,0.0,1297336.4,low,low,low,low,low
493,2017-12-17,0.0,5.0,0.0,0.0,5.0,18252611.02,low,low,low,low,low
494,2017-12-18,0.0,15.0,0.0,0.0,15.0,21929834.25,low,low,low,low,low
495,2017-12-19,1.0,0.0,0.0,0.0,1.0,-7480616.039999999,low,low,low,low,low
496,2017-12-20,0.0,0.0,0.0,0.0,0.0,5821303.12,low,low,low,low,low
497,2017-12-21,0.0,0.0,0.0,0.0,0.0,11288624.45,low,low,low,low,low
498,2017-12-22,0.0,0.0,0.0,0.0,0.0,43949338.99000001,low,low,low,low,low
499,2017-12-23,0.0,0.0,0.0,0.0,0.0,21729341.76,low,low,low,low,low
500,2017-12-24,0.0,0.0,0.0,0.0,0.0,6356125.8,low,low,low,low,low
501,2017-12-26,0.0,0.0,0.0,0.0,0.0,2260851.21,low,low,low,low,low
502,2017-12-27,0.0,0.0,0.0,0.0,0.0,6400102.08,low,low,low,low,low
503,2017-12-28,0.0,0.0,0.0,0.0,0.0,7931865.080000002,low,low,low,low,low
504,2017-12-29,0.0,0.0,0.0,0.0,0.0,17367881.46,low,low,low,low,low
505,2017-12-30,0.0,0.0,0.0,0.0,0.0,2074400.53,low,low,low,low,low
506,2017-12-31,0.0,0.0,0.0,0.0,0.0,361655.0,low,low,low,low,low
507,2018-01-01,0.0,0.0,0.0,0.0,0.0,-9635.160000000003,low,low,low,low,low
508,2018-01-02,0.0,0.0,0.0,0.0,0.0,77168532.11000001,low,low,low,low,low
509,2018-01-03,0.0,0.0,0.0,0.0,0.0,5951223.389999999,low,low,low,low,low
510,2018-01-04,0.0,0.0,0.0,0.0,0.0,7224863.340000002,low,low,low,low,low
511,2018-01-05,0.0,0.0,0.0,0.0,0.0,1686815.7,low,low,low,low,low
512,2018-01-06,0.0,0.0,0.0,0.0,0.0,11046608.21,low,low,low,low,low
513,2018-01-07,0.0,0.0,0.0,0.0,0.0,289132.07,low,low,low,low,low
514,2018-01-08,0.0,0.0,0.0,0.0,0.0,5909857.180000001,low,low,low,low,low
515,2018-01-09,0.0,0.0,0.0,0.0,0.0,24163528.02,low,low,low,low,low
516,2018-01-10,0.0,0.0,0.0,0.0,0.0,14334919.95,low,low,low,low,low
517,2018-01-11,0.0,0.0,0.0,0.0,0.0,10055685.209999999,low,low,low,low,low
518,2018-01-12,0.0,0.0,0.0,0.0,0.0,7779578.319999999,low,low,low,low,low
519,2018-01-13,0.0,0.0,0.0,0.0,0.0,6458742.44,low,low,low,low,low
520,2018-01-14,0.0,0.0,0.0,0.0,0.0,466335.05,low,low,low,low,low
521,2018-01-15,0.0,0.0,0.0,0.0,0.0,66564.15,low,low,low,low,low
522,2018-01-16,0.0,0.0,0.0,0.0,0.0,15635384.57,low,low,low,low,low
523,2018-01-17,1.0,1.0,0.0,0.0,2.0,63851915.51000001,low,low,low,low,low
524,2018-01-18,0.0,0.0,0.0,0.0,0.0,29443373.75,low,low,low,low,low
525,2018-01-19,0.0,0.0,0.0,0.0,0.0,5222097.709999999,low,low,low,low,low
526,2018-01-20,0.0,0.0,0.0,0.0,0.0,694399.51,low,low,low,low,low
527,2018-01-21,0.0,0.0,42.0,0.0,42.0,9121744.75,low,low,low,low,low
528,2018-01-22,0.0,0.0,106.0,0.0,106.0,6093509.2,low,low,low,low,low
529,2018-01-23,0.0,0.0,6.0,0.0,6.0,560838.1799999999,low,low,low,low,low
530,2018-01-24,0.0,0.0,0.0,0.0,0.0,33690056.92999999,low,low,low,low,low
531,2018-01-25,0.0,0.0,1.0,0.0,1.0,4531393.49,low,low,low,low,low
532,2018-01-26,0.0,0.0,0.0,0.0,0.0,45337870.22,low,low,low,low,low
533,2018-01-27,0.0,0.0,0.0,0.0,0.0,49463010.53,low,low,low,low,low
534,2018-01-28,0.0,0.0,1.0,0.0,1.0,385439.22,low,low,low,low,low
535,2018-01-29,0.0,0.0,0.0,0.0,0.0,8313710.19,low,low,low,low,low
536,2018-01-30,2.0,0.0,0.0,0.0,2.0,23933827.15,low,low,low,low,low
537,2018-01-31,4.0,0.0,0.0,0.0,4.0,4903610.1,low,low,low,low,low
538,2018-02-01,0.0,0.0,0.0,0.0,0.0,64966794.41,low,low,low,low,low
539,2018-02-02,0.0,0.0,0.0,0.0,0.0,2966506.8,low,low,low,low,low
540,2018-02-03,0.0,0.0,0.0,0.0,0.0,10650114.5,low,low,low,low,low
541,2018-02-04,0.0,0.0,0.0,0.0,0.0,3289975.18,low,low,low,low,low
542,2018-02-05,0.0,0.0,0.0,0.0,0.0,1662318.66,low,low,low,low,low
543,2018-02-06,0.0,0.0,0.0,0.0,0.0,2361276.0,low,low,low,low,low
544,2018-02-07,0.0,0.0,0.0,0.0,0.0,13292413.08,low,low,low,low,low
545,2018-02-08,0.0,0.0,0.0,4.0,4.0,13416716.949999996,low,low,low,low,low
546,2018-02-09,1.0,1.0,0.0,13.0,15.0,8826247.72,low,low,low,low,low
547,2018-02-10,0.0,0.0,0.0,1.0,1.0,3184061.25,low,low,low,low,low
548,2018-02-11,0.0,28.0,0.0,0.0,28.0,4266451.67,low,low,low,low,low
549,2018-02-12,0.0,0.0,0.0,0.0,0.0,7058259.800000002,low,low,low,low,low
550,2018-02-13,0.0,0.0,0.0,0.0,0.0,11474265.0,low,low,low,low,low
551,2018-02-14,0.0,0.0,0.0,0.0,0.0,118348641.77,low,low,low,low,low
552,2018-02-15,0.0,0.0,0.0,0.0,0.0,6111846.9,low,low,low,low,low
553,2018-02-16,0.0,0.0,0.0,0.0,0.0,30442661.04,low,low,low,low,low
554,2018-02-17,0.0,0.0,0.0,0.0,0.0,6249963.0,low,low,low,low,low
555,2018-02-18,0.0,0.0,0.0,0.0,0.0,498968.72,low,low,low,low,low
556,2018-02-19,0.0,0.0,0.0,0.0,0.0,339964.24,low,low,low,low,low
557,2018-02-20,0.0,0.0,77.0,0.0,77.0,4098403.29,low,low,low,low,low
558,2018-02-21,0.0,0.0,9.0,0.0,9.0,3455514.9899999998,low,low,low,low,low
559,2018-02-22,0.0,0.0,0.0,0.0,0.0,4495371.15,low,low,low,low,low
560,2018-02-23,0.0,0.0,0.0,0.0,0.0,20139019.05,low,low,low,low,low
561,2018-02-24,0.0,0.0,0.0,0.0,0.0,11514462.94,low,low,low,low,low
562,2018-02-26,0.0,0.0,0.0,0.0,0.0,5075618.34,low,low,low,low,low
563,2018-02-27,0.0,0.0,0.0,0.0,0.0,37592735.48,low,low,low,low,low
564,2018-02-28,0.0,0.0,0.0,0.0,0.0,15119536.5,low,low,low,low,low
565,2018-03-01,0.0,0.0,0.0,0.0,0.0,-17888509.66,low,low,low,low,low
566,2018-03-02,0.0,0.0,0.0,0.0,0.0,250470.09000000003,low,low,low,low,low
567,2018-03-03,0.0,0.0,0.0,2.0,2.0,19884.579999999994,low,low,low,low,low
568,2018-03-04,0.0,0.0,0.0,0.0,0.0,46095.85,low,low,low,low,low
569,2018-03-05,0.0,0.0,0.0,0.0,0.0,14913.79999999993,low,low,low,low,low
570,2018-03-06,0.0,0.0,0.0,0.0,0.0,4244918.4799999995,low,low,low,low,low
571,2018-03-07,0.0,0.0,0.0,0.0,0.0,3170229.3200000008,low,low,low,low,low
572,2018-03-08,0.0,0.0,0.0,0.0,0.0,1406428.3299999998,low,low,low,low,low
573,2018-03-09,0.0,0.0,0.0,0.0,0.0,413678.95,low,low,low,low,low
574,2018-03-10,0.0,0.0,0.0,0.0,0.0,45211531.0,low,low,low,low,low
575,2018-03-12,0.0,0.0,0.0,0.0,0.0,2815762.9,low,low,low,low,low
576,2018-03-13,0.0,0.0,0.0,0.0,0.0,15000004.72,low,low,low,low,low
577,2018-03-14,0.0,0.0,0.0,0.0,0.0,640959.5800000001,low,low,low,low,low
578,2018-03-15,0.0,0.0,0.0,0.0,0.0,9131824.45,low,low,low,low,low
579,2018-03-16,0.0,0.0,0.0,0.0,0.0,71544877.65,low,low,low,low,low
580,2018-03-17,0.0,0.0,0.0,0.0,0.0,27793.92,low,low,low,low,low
581,2018-03-18,0.0,0.0,0.0,0.0,0.0,3889706.43,low,low,low,low,low
582,2018-03-19,0.0,0.0,0.0,0.0,0.0,60691159.120000005,low,low,low,low,low
583,2018-03-20,0.0,0.0,0.0,0.0,0.0,110873609.59,low,low,low,low,low
584,2018-03-21,0.0,0.0,0.0,0.0,0.0,6385379.349999999,low,low,low,low,low
585,2018-03-22,0.0,0.0,0.0,0.0,0.0,17335928.740000002,low,low,low,low,low
586,2018-03-23,0.0,0.0,0.0,0.0,0.0,12858465.45,low,low,low,low,low
587,2018-03-24,0.0,0.0,0.0,0.0,0.0,239632.48,low,low,low,low,low
588,2018-03-25,0.0,0.0,0.0,0.0,0.0,501235.58999999997,low,low,low,low,low
589,2018-03-26,0.0,0.0,0.0,0.0,0.0,5232275.96,low,low,low,low,low
590,2018-03-27,0.0,0.0,0.0,0.0,0.0,2417526.58,low,low,low,low,low
591,2018-03-28,0.0,0.0,0.0,0.0,0.0,4832598.79,low,low,low,low,low
592,2018-03-29,0.0,0.0,0.0,0.0,0.0,5727469.1499999985,low,low,low,low,low
593,2018-03-30,0.0,0.0,0.0,0.0,0.0,-75460379.8,low,low,low,low,low
594,2018-03-31,0.0,0.0,0.0,0.0,0.0,204579.5,low,low,low,low,low
595,2018-04-01,0.0,0.0,0.0,0.0,0.0,1600.0,low,low,low,low,low
596,2018-04-02,0.0,0.0,0.0,0.0,0.0,288039177.15,low,low,low,low,low
597,2018-04-03,0.0,0.0,0.0,0.0,0.0,7505864.6899999995,low,low,low,low,low
598,2018-04-04,0.0,0.0,0.0,1.0,1.0,6495302.78,low,low,low,low,low
599,2018-04-05,0.0,0.0,0.0,0.0,0.0,6846810.83,low,low,low,low,low
600,2018-04-06,0.0,0.0,0.0,0.0,0.0,165628850.95,low,low,low,low,low
601,2018-04-07,0.0,0.0,0.0,0.0,0.0,339058.52,low,low,low,low,low
602,2018-04-09,0.0,0.0,0.0,0.0,0.0,27651589.71,low,low,low,low,low
603,2018-04-10,0.0,0.0,0.0,0.0,0.0,1158723.65,low,low,low,low,low
604,2018-04-11,0.0,0.0,0.0,0.0,0.0,13233511.700000001,low,low,low,low,low
605,2018-04-12,0.0,0.0,0.0,0.0,0.0,38890388.88,low,low,low,low,low
606,2018-04-13,0.0,0.0,0.0,0.0,0.0,646240.2799999999,low,low,low,low,low
607,2018-04-14,0.0,0.0,0.0,0.0,0.0,-812893.82,low,low,low,low,low
608,2018-04-15,0.0,0.0,0.0,0.0,0.0,23635.81,low,low,low,low,low
609,2018-04-16,0.0,0.0,0.0,0.0,0.0,192454.33000000002,low,low,low,low,low
610,2018-04-17,0.0,0.0,0.0,0.0,0.0,61840.26000000001,low,low,low,low,low
611,2018-04-18,0.0,0.0,0.0,0.0,0.0,9444926.700000001,low,low,low,low,low
612,2018-04-19,0.0,0.0,0.0,0.0,0.0,973811.63,low,low,low,low,low
613,2018-04-20,0.0,0.0,0.0,0.0,0.0,4824117.85,low,low,low,low,low
614,2018-04-21,0.0,0.0,0.0,0.0,0.0,3354771.04,low,low,low,low,low
615,2018-04-22,0.0,0.0,0.0,0.0,0.0,2775.0,low,low,low,low,low
616,2018-04-23,0.0,0.0,0.0,0.0,0.0,-54733.670000000006,low,low,low,low,low
617,2018-04-24,0.0,0.0,0.0,0.0,0.0,7686737.299999998,low,low,low,low,low
618,2018-04-25,0.0,0.0,0.0,0.0,0.0,1613829.72,low,low,low,low,low
619,2018-04-26,0.0,0.0,0.0,0.0,0.0,683401.54,low,low,low,low,low
620,2018-04-27,0.0,0.0,0.0,0.0,0.0,6218727.769999999,low,low,low,low,low
621,2018-04-28,0.0,0.0,0.0,0.0,0.0,150630.0,low,low,low,low,low
622,2018-04-29,0.0,0.0,0.0,0.0,0.0,101234.33,low,low,low,low,low
623,2018-04-30,0.0,0.0,0.0,0.0,0.0,2182380.99,low,low,low,low,low
624,2018-05-01,0.0,0.0,0.0,0.0,0.0,20470457.98,low,low,low,low,low
625,2018-05-02,0.0,0.0,0.0,0.0,0.0,867767.1699999999,low,low,low,low,low
626,2018-05-03,0.0,0.0,0.0,0.0,0.0,463596.06,low,low,low,low,low
627,2018-05-04,0.0,0.0,0.0,0.0,0.0,8374954.6,low,low,low,low,low
628,2018-05-05,0.0,0.0,0.0,0.0,0.0,10760349.32,low,low,low,low,low
629,2018-05-06,0.0,0.0,0.0,0.0,0.0,104936.46,low,low,low,low,low
630,2018-05-07,0.0,0.0,0.0,0.0,0.0,163060.83999999985,low,low,low,low,low
631,2018-05-08,0.0,0.0,0.0,0.0,0.0,7549390.04,low,low,low,low,low
632,2018-05-09,0.0,0.0,0.0,0.0,0.0,11884026.08,low,low,low,low,low
633,2018-05-10,0.0,17.0,0.0,0.0,17.0,-26223741.74,low,low,low,low,low
634,2018-05-11,0.0,2.0,0.0,0.0,2.0,5615394.290000001,low,low,low,low,low
635,2018-05-12,0.0,0.0,0.0,0.0,0.0,113579.32,low,low,low,low,low
636,2018-05-13,0.0,0.0,0.0,0.0,0.0,2856788.08,low,low,low,low,low
637,2018-05-14,0.0,0.0,0.0,0.0,0.0,1400905.43,low,low,low,low,low
638,2018-05-15,0.0,0.0,0.0,0.0,0.0,820935.37,low,low,low,low,low
639,2018-05-16,0.0,0.0,0.0,0.0,0.0,912021.7100000002,low,low,low,low,low
640,2018-05-17,0.0,0.0,0.0,0.0,0.0,9859048.64,low,low,low,low,low
641,2018-05-18,0.0,0.0,0.0,0.0,0.0,1187847.7700000003,low,low,low,low,low
642,2018-05-19,0.0,1.0,0.0,0.0,1.0,40255156.21,low,low,low,low,low
643,2018-05-20,0.0,0.0,0.0,0.0,0.0,-158999.14,low,low,low,low,low
644,2018-05-21,0.0,0.0,9.0,0.0,9.0,9734514.42,low,low,low,low,low
645,2018-05-22,0.0,0.0,0.0,0.0,0.0,4052973.6999999997,low,low,low,low,low
646,2018-05-23,0.0,0.0,0.0,0.0,0.0,1186637.02,low,low,low,low,low
647,2018-05-24,0.0,0.0,0.0,0.0,0.0,1470159.74,low,low,low,low,low
648,2018-05-25,0.0,0.0,0.0,0.0,0.0,9300358.700000001,low,low,low,low,low
649,2018-05-26,0.0,0.0,0.0,0.0,0.0,9750000.0,low,low,low,low,low
650,2018-05-28,0.0,0.0,0.0,0.0,0.0,213830.0,low,low,low,low,low
651,2018-05-29,0.0,0.0,195.0,0.0,195.0,1294908.53,low,low,low,low,low
652,2018-05-30,0.0,0.0,112.0,0.0,112.0,703802.9400000001,low,low,low,low,low
653,2018-05-31,0.0,61.0,38.0,0.0,99.0,17783420.3,low,low,low,low,low
654,2018-06-01,0.0,71.0,51.0,0.0,122.0,6122721.500000001,low,low,low,low,low
655,2018-06-02,0.0,1.0,1.0,0.0,2.0,111165.46,low,low,low,low,low
656,2018-06-03,0.0,0.0,7.0,0.0,7.0,0.0,low,low,low,low,low
657,2018-06-04,0.0,1.0,0.0,0.0,1.0,37841335.75,low,low,low,low,low
658,2018-06-05,0.0,0.0,0.0,0.0,0.0,32154559.68,low,low,low,low,low
659,2018-06-06,0.0,0.0,0.0,0.0,0.0,17746533.72,low,low,low,low,low
660,2018-06-07,0.0,7.0,6.0,0.0,13.0,12053833.04,low,low,low,low,low
661,2018-06-08,0.0,5.0,1.0,0.0,6.0,-20632244.09,low,low,low,low,low
662,2018-06-09,0.0,4.0,0.0,0.0,4.0,38647.6,low,low,low,low,low
663,2018-06-10,0.0,0.0,2.0,0.0,2.0,0.0,low,low,low,low,low
664,2018-06-11,0.0,0.0,8.0,0.0,8.0,2204928.4299999997,low,low,low,low,low
665,2018-06-12,0.0,0.0,33.0,0.0,33.0,3605033.29,low,low,low,low,low
666,2018-06-13,0.0,0.0,6.0,0.0,6.0,6489596.43,low,low,low,low,low
667,2018-06-14,0.0,1.0,1.0,0.0,2.0,3705105.19,low,low,low,low,low
668,2018-06-15,0.0,0.0,0.0,0.0,0.0,7207030.369999998,low,low,low,low,low
669,2018-06-16,0.0,0.0,0.0,0.0,0.0,9842651.2,low,low,low,low,low
670,2018-06-17,32.0,0.0,0.0,0.0,32.0,0.0,low,low,low,low,low
671,2018-06-18,14.0,0.0,0.0,0.0,14.0,3169248.16,low,low,low,low,low
672,2018-06-19,1.0,12.0,0.0,0.0,13.0,1928344.98,low,low,low,low,low
673,2018-06-20,2.0,2.0,0.0,0.0,4.0,319178.0,low,low,low,low,low
674,2018-06-21,1.0,0.0,0.0,0.0,1.0,1162777.6400000001,low,low,low,low,low
675,2018-06-22,0.0,0.0,0.0,0.0,0.0,-11999025.580000002,low,low,low,low,low
676,2018-06-23,0.0,0.0,0.0,0.0,0.0,0.0,low,low,low,low,low
677,2018-06-24,1.0,0.0,0.0,0.0,1.0,0.0,low,low,low,low,low
678,2018-06-25,1.0,0.0,0.0,0.0,1.0,8033634.0,low,low,low,low,low
679,2018-06-26,0.0,289.0,4.0,0.0,293.0,16279436.540000001,low,low,low,low,low
680,2018-06-27,0.0,7.0,0.0,0.0,7.0,2940234.2199999997,low,low,low,low,low
681,2018-06-28,0.0,0.0,0.0,0.0,0.0,2934624.87,low,low,low,low,low
682,2018-06-29,0.0,0.0,0.0,0.0,0.0,15626577.93,low,low,low,low,low
683,2018-06-30,0.0,7.0,0.0,0.0,7.0,36285400.2,low,low,low,low,low
684,2018-07-01,0.0,205.0,0.0,0.0,205.0,57106.8,low,low,low,low,low
685,2018-07-02,0.0,11.0,0.0,0.0,11.0,8042315.44,low,low,low,low,low
686,2018-07-03,1.0,0.0,3.0,0.0,4.0,543411.86,low,low,low,low,low
687,2018-07-04,0.0,115.0,3.0,0.0,118.0,10693.47,low,low,low,low,low
688,2018-07-05,0.0,35.0,0.0,0.0,35.0,120070.37,low,low,low,low,low
689,2018-07-06,0.0,4.0,0.0,0.0,4.0,215671.64,low,low,low,low,low
690,2018-07-07,0.0,1.0,0.0,0.0,1.0,0.0,low,low,low,low,low
691,2018-07-08,0.0,1.0,0.0,0.0,1.0,0.0,low,low,low,low,low
692,2018-07-09,0.0,0.0,0.0,0.0,0.0,57144.6,low,low,low,low,low
693,2018-07-10,0.0,0.0,0.0,0.0,0.0,27856.18,low,low,low,low,low
694,2018-07-11,0.0,0.0,0.0,0.0,0.0,1091133.86,low,low,low,low,low
695,2018-07-12,0.0,0.0,3.0,0.0,3.0,548407.5700000001,low,low,low,low,low
696,2018-07-13,1.0,3.0,15.0,0.0,19.0,2015615.45,low,low,low,low,low
697,2018-07-14,0.0,0.0,0.0,0.0,0.0,0.0,low,low,low,low,low
698,2018-07-15,0.0,4.0,0.0,0.0,4.0,0.0,low,low,low,low,low
699,2018-07-16,0.0,0.0,0.0,0.0,0.0,1778634.85,low,low,low,low,low
700,2018-07-17,0.0,3.0,3.0,0.0,6.0,55561.07000000001,low,low,low,low,low
701,2018-07-18,0.0,0.0,3.0,0.0,3.0,1247234.93,low,low,low,low,low
702,2018-07-19,0.0,0.0,3.0,0.0,3.0,28171.68,low,low,low,low,low
703,2018-07-20,0.0,0.0,0.0,0.0,0.0,124239.24,low,low,low,low,low
704,2018-07-21,0.0,0.0,0.0,0.0,0.0,-6055.95,low,low,low,low,low
705,2018-07-22,0.0,3.0,3.0,0.0,6.0,-102790.68,low,low,low,low,low
706,2018-07-23,0.0,17.0,0.0,1.0,18.0,516168.29,low,low,low,low,low
707,2018-07-24,0.0,1.0,0.0,0.0,1.0,417387.65,low,low,low,low,low
708,2018-07-25,0.0,2.0,0.0,0.0,2.0,40312.01,low,low,low,low,low
709,2018-07-26,0.0,1.0,6.0,0.0,7.0,1753191.7899999996,low,low,low,low,low
710,2018-07-27,0.0,0.0,0.0,0.0,0.0,45192.5,low,low,low,low,low
711,2018-07-28,0.0,31.0,0.0,0.0,31.0,0.0,low,low,low,low,low
712,2018-07-29,0.0,3.0,0.0,0.0,3.0,0.0,low,low,low,low,low
713,2018-07-30,0.0,0.0,0.0,0.0,0.0,706180.18,low,low,low,low,low
714,2018-07-31,0.0,0.0,0.0,0.0,0.0,32416.51999999997,low,low,low,low,low
715,2018-08-01,0.0,0.0,0.0,0.0,0.0,453109.12000000005,low,low,low,low,low
716,2018-08-02,0.0,0.0,0.0,0.0,0.0,-57503.0,low,low,low,low,low
717,2018-08-03,0.0,5.0,0.0,0.0,5.0,-1941827.07,low,low,low,low,low
718,2018-08-04,0.0,5.0,0.0,0.0,5.0,2373106.0,low,low,low,low,low
719,2018-08-05,0.0,2.0,0.0,0.0,2.0,5518.0,low,low,low,low,low
720,2018-08-06,0.0,3.0,3.0,0.0,6.0,28006050.13,low,low,low,low,low
721,2018-08-07,0.0,0.0,4.0,0.0,4.0,559736.3099999999,low,low,low,low,low
722,2018-08-08,0.0,0.0,7.0,0.0,7.0,1955541.75,low,low,low,low,low
723,2018-08-09,0.0,0.0,16.0,0.0,16.0,205270.0,low,low,low,low,low
724,2018-08-10,0.0,0.0,2.0,0.0,2.0,273645.17000000004,low,low,low,low,low
725,2018-08-11,0.0,0.0,411.0,0.0,411.0,167820.88,low,low,low,medium,low
726,2018-08-12,0.0,0.0,59.0,0.0,59.0,0.0,low,low,low,low,low
727,2018-08-13,0.0,0.0,0.0,0.0,0.0,856691.74,low,low,low,low,low
728,2018-08-14,0.0,0.0,121.0,0.0,121.0,1271781.52,low,low,low,low,low
729,2018-08-15,0.0,0.0,527.0,0.0,527.0,1512870.74,low,low,low,medium,low
730,2018-08-16,0.0,0.0,4.0,0.0,4.0,4702156.32,low,low,low,low,low
731,2018-08-17,0.0,0.0,0.0,0.0,0.0,290876.0,low,low,low,low,low
732,2018-08-18,0.0,0.0,0.0,0.0,0.0,0.0,low,low,low,low,low
733,2018-08-19,0.0,0.0,3.0,0.0,3.0,0.0,low,low,low,low,low
734,2018-08-20,0.0,26.0,0.0,0.0,26.0,608724.55,low,low,low,low,low
735,2018-08-21,0.0,6.0,0.0,0.0,6.0,327100.66000000003,low,low,low,low,low
736,2018-08-22,0.0,0.0,0.0,0.0,0.0,3401085.66,low,low,low,low,low
737,2018-08-23,0.0,0.0,0.0,0.0,0.0,3827201.81,low,low,low,low,low
738,2018-08-24,0.0,0.0,0.0,0.0,0.0,208981.99,low,low,low,low,low
739,2018-08-25,0.0,66.0,0.0,0.0,66.0,6120850.41,low,low,low,low,low
740,2018-08-26,18.0,7.0,0.0,0.0,25.0,0.0,low,low,low,low,low
741,2018-08-27,6.0,9.0,1.0,12.0,28.0,3489836.93,low,low,low,low,low
742,2018-08-28,0.0,14.0,394.0,1.0,409.0,1298686.69,low,low,low,medium,low
743,2018-08-29,0.0,19.0,172.0,1.0,192.0,125352.57,low,low,low,low,low
744,2018-08-30,0.0,16.0,28.0,0.0,44.0,88312.79000000002,low,low,low,low,low
745,2018-08-31,0.0,14.0,7.0,0.0,21.0,22149.23,low,low,low,low,low
746,2018-09-01,0.0,12.0,2.0,0.0,14.0,-803658.89,low,low,low,low,low
747,2018-09-02,0.0,19.0,21.0,0.0,40.0,0.0,low,low,low,low,low
748,2018-09-03,0.0,23.0,37.0,0.0,60.0,7554.68,low,low,low,low,low
749,2018-09-04,0.0,7.0,2.0,0.0,9.0,511110.76,low,low,low,low,low
750,2018-09-05,0.0,0.0,0.0,0.0,0.0,905952.21,low,low,low,low,low
751,2018-09-06,40.0,1.0,0.0,0.0,41.0,3417754.4400000004,low,low,low,low,low
752,2018-09-07,1.0,0.0,0.0,0.0,1.0,635086.5099999999,low,low,low,low,low
753,2018-09-08,0.0,0.0,0.0,0.0,0.0,124534.52,low,low,low,low,low
754,2018-09-09,18.0,0.0,0.0,0.0,18.0,0.0,low,low,low,low,low
755,2018-09-10,6.0,1.0,1.0,0.0,8.0,-1334498.15,low,low,low,low,low
756,2018-09-11,1.0,0.0,273.0,0.0,274.0,251750.31,low,low,low,low,low
757,2018-09-12,0.0,1.0,1151.0,0.0,1152.0,206019.21,low,low,low,high,high
758,2018-09-13,0.0,63.0,1164.0,0.0,1227.0,7351533.02,low,low,low,high,high
759,2018-09-14,0.0,5.0,921.0,0.0,926.0,4416712.76,low,low,low,high,high
760,2018-09-15,0.0,0.0,95.0,0.0,95.0,0.0,low,low,low,low,low
761,2018-09-16,0.0,0.0,112.0,0.0,112.0,150920.0,low,low,low,low,low
762,2018-09-17,0.0,0.0,9.0,0.0,9.0,300014.04000000004,low,low,low,low,low
763,2018-09-18,0.0,0.0,80.0,0.0,80.0,188896.15,low,low,low,low,low
764,2018-09-19,0.0,10.0,8.0,0.0,18.0,289910.77,low,low,low,low,low
765,2018-09-20,0.0,0.0,50.0,4.0,54.0,314206.59,low,low,low,low,low
766,2018-09-21,0.0,11.0,40.0,1.0,52.0,1209837.84,low,low,low,low,low
767,2018-09-22,0.0,2.0,2.0,0.0,4.0,5105520.63,low,low,low,low,low
768,2018-09-23,0.0,0.0,4.0,0.0,4.0,225.0,low,low,low,low,low
769,2018-09-24,0.0,0.0,30.0,0.0,30.0,305079.07,low,low,low,low,low
770,2018-09-25,0.0,10.0,1.0,0.0,11.0,600085.99,low,low,low,low,low
771,2018-09-26,0.0,0.0,1.0,1.0,2.0,3747480.8,low,low,low,low,low
772,2018-09-27,0.0,0.0,0.0,0.0,0.0,0.0,low,low,low,low,low
773,2018-09-28,0.0,0.0,0.0,0.0,0.0,0.0,low,low,low,low,low
774,2018-09-29,0.0,8.0,17.0,0.0,25.0,0.0,low,low,low,low,low
775,2018-09-30,0.0,0.0,1.0,0.0,1.0,0.0,low,low,low,low,low
776,2018-10-02,0.0,5.0,0.0,0.0,5.0,0.0,low,low,low,low,low
777,2018-10-03,0.0,1.0,0.0,0.0,1.0,0.0,low,low,low,low,low
778,2018-10-04,0.0,44.0,0.0,0.0,44.0,0.0,low,low,low,low,low
779,2018-10-05,0.0,2.0,0.0,0.0,2.0,0.0,low,low,low,low,low
780,2018-10-06,0.0,0.0,0.0,7.0,7.0,0.0,low,low,low,low,low
781,2018-10-07,0.0,0.0,0.0,0.0,0.0,0.0,low,low,low,low,low
782,2018-10-08,200.0,9.0,0.0,0.0,209.0,0.0,low,low,low,low,low
783,2018-10-09,9.0,15.0,14.0,0.0,38.0,0.0,low,low,low,low,low
784,2018-10-10,0.0,3.0,7.0,0.0,10.0,0.0,low,low,low,low,low
785,2018-10-11,0.0,1.0,2.0,0.0,3.0,0.0,low,low,low,low,low
786,2018-10-12,0.0,0.0,1.0,0.0,1.0,0.0,low,low,low,low,low
787,2018-10-13,0.0,0.0,1.0,0.0,1.0,0.0,low,low,low,low,low
788,2018-10-14,0.0,0.0,0.0,0.0,0.0,0.0,low,low,low,low,low
789,2018-10-15,0.0,0.0,0.0,0.0,0.0,0.0,low,low,low,low,low
790,2018-10-16,0.0,10.0,0.0,0.0,10.0,0.0,low,low,low,low,low
791,2018-10-17,0.0,0.0,12.0,0.0,12.0,0.0,low,low,low,low,low
792,2018-10-18,0.0,1.0,0.0,0.0,1.0,0.0,low,low,low,low,low
793,2018-10-19,0.0,0.0,0.0,0.0,0.0,0.0,low,low,low,low,low
794,2018-10-20,0.0,5.0,1.0,0.0,6.0,0.0,low,low,low,low,low
795,2018-10-21,0.0,0.0,0.0,0.0,0.0,0.0,low,low,low,low,low
796,2018-10-22,0.0,2.0,0.0,0.0,2.0,0.0,low,low,low,low,low
797,2018-10-23,0.0,7.0,3.0,0.0,10.0,0.0,low,low,low,low,low
798,2018-10-24,0.0,9.0,0.0,0.0,9.0,0.0,low,low,low,low,low
799,2018-10-25,0.0,1.0,1.0,0.0,2.0,0.0,low,low,low,low,low
800,2018-10-26,0.0,19.0,4.0,0.0,23.0,0.0,low,low,low,low,low
801,2018-10-27,0.0,1.0,13.0,0.0,14.0,0.0,low,low,low,low,low
802,2018-10-28,0.0,4.0,35.0,0.0,39.0,0.0,low,low,low,low,low
803,2018-10-29,0.0,0.0,3.0,0.0,3.0,0.0,low,low,low,low,low
804,2018-10-30,0.0,0.0,0.0,0.0,0.0,0.0,low,low,low,low,low
